[{"family":"MaterialIcons","fonts":[{"asset":"fonts/MaterialIcons-Regular.otf"}]},{"family":"NotoSans","fonts":[{"weight":400,"asset":"assets/fonts/NotoSans-Regular.ttf"},{"weight":700,"asset":"assets/fonts/NotoSans-Bold.ttf"}]},{"family":"HindSiliguri","fonts":[{"weight":400,"asset":"assets/fonts/HindSiliguri-Regular.ttf"},{"weight":700,"asset":"assets/fonts/HindSiliguri-Bold.ttf"}]},{"family":"Poppins","fonts":[{"weight":400,"asset":"assets/fonts/Poppins-Regular.ttf"},{"weight":700,"asset":"assets/fonts/Poppins-Bold.ttf"}]},{"family":"Inter","fonts":[{"weight":400,"asset":"assets/fonts/Inter-Regular.ttf"},{"weight":500,"asset":"assets/fonts/Inter-Medium.ttf"},{"weight":700,"asset":"assets/fonts/Inter-Bold.ttf"}]},{"family":"NotoSansBengali","fonts":[{"weight":400,"asset":"assets/fonts/NotoSansBengali-Regular.ttf"},{"weight":500,"asset":"assets/fonts/NotoSansBengali-Medium.ttf"},{"weight":600,"asset":"assets/fonts/NotoSansBengali-SemiBold.ttf"},{"weight":700,"asset":"assets/fonts/NotoSansBengali-Bold.ttf"}]},{"family":"packages/cupertino_icons/CupertinoIcons","fonts":[{"asset":"packages/cupertino_icons/assets/CupertinoIcons.ttf"}]}]